265,3225-333
273,3225-331
275,3225-321
276,3225-334
278,3225-324
281,3225-363
284,3225-332
287,3225-322
349,3216-234
357,3225-364
359,3225-354
361,3225-362
363,3225-352
365,3225-361
423,3216-232
427,3216-262
1287,3215-124
1293,3215-224
4643,3235-464
4646,3235-454
4657,3235-462
4669,3235-463
4699,2246-244
4702,2246-243
4740,2246-441
4745,2122-254
4746,2122-264
4747,2122-244
4748,2122-263
4750,2122-253
4751,2122-242
4752,2122-261
4753,2122-241
4756,2122-234
4764,2122-243
4765,2122-252
4766,2122-262
4770,2246-241
4772,2246-213
4774,2246-213
4775,2246-253
4779,2246-242
4782,2246-251
4786,2246-413
4787,2246-414
4791,2246-443
4794,2246-411
4795,2246-421
4797,2246-412
4832,2244-313
4833,2244-352
4834,2244-361
4835,2244-342
4836,2244-351
4838,2244-341
4845,2244-314
4847,2244-354
4848,2244-363
4849,2244-345
4850,2244-353
4852,2244-343
4861,2244-364
4896,2242-111
4907,2242-121
4908,2242-131
4909,2242-112
4910,2242-122
4912,2242-161
4914,2242-152
4915,2242-162
4921,2242-133
4922,2242-134
4923,2242-124
4924,2242-123
4931,2222-143
4933,2222-154
4934,2222-153
4968,2222-122
4969,2222-111
4970,2222-112
4976,2222-113
4977,2222-124
4978,2222-123
4979,2222-114
4980,2222-133
4981,2222-121
4982,2222-134
4983,2222-144
4985,2222-151
4986,2222-141
4987,2222-161
4988,2222-152
4990,2222-142
5064,3215-424
5092,3212-231
5093,3212-233
5095,3212-261
5096,3212-222
5104,3212-232
5105,3212-234
5106,3212-264
5107,3212-262
5210,2224-143
5213,2222-343
5222,2242-132
5244,2224-112
5261,2222-353
5264,2222-344
5271,2222-312
5272,2222-321
5273,2222-311
5278,2222-341
5281,2222-314
5282,2222-323
5284,2222-313
5285,2224-113
5286,2224-141
5288,2224-111
5291,2222-342
5292,2222-351
5295,2226-212
5297,2226-211
5298,2224-444
5321,3243-332
5330,2224-443
5331,2224-444
5340,2224-441
5346,3245-161
5348,3245-162
5352,3245-133
5380,3243-333
5382,3243-364
5383,3243-361
5387,3243-362
5395,3245-144
5397,3245-131
5399,3245-132
5400,3243-334
5402,3245-134
5406,3245-163
5407,3245-153
5408,3245-164
5409,3245-154
5428,3112-263
5429,3112-264
5430,3112-253
5431,3112-254
5432,3236-432
5433,3112-244
5434,3112-223
5435,3112-224
5436,3112-213
5437,3112-214
5438,3112-231
5439,3112-232
5471,3236-464
5506,3112-252
5507,3112-261
5508,3112-242
5509,3112-251
5510,3112-234
5511,3112-241
5512,3112-243
5513,3112-233
5520,3112-262
5570,3236-354
5572,3236-353
5573,3236-363
5574,3236-343
5575,3236-344
5604,3241-122
5605,3241-132
5607,3241-131
5611,3241-163
5614,3241-124
5615,3241-134
5617,3241-133
5624,3241-154
5625,3241-164
5658,3241-152
5659,3241-162
5661,3241-161
5666,3243-134
5670,3243-133
5671,3241-362
5675,3243-132
5677,3243-131
5681,3243-161
5685,3243-164
5687,3243-163
5695,3243-162
5713,3241-331
5714,3241-363
5716,3241-333
5721,3241-332
5722,3241-364
5724,3241-334
5725,3241-322
5727,3241-361
